13029252:1	https://fs.knesset.gov.il/25/Committees/25_ptv_14565342.doc	2026-08-04	ועדת הכספים
11019251:1	https://fs.knesset.gov.il/25/Committees/25_ptv_12380528.doc	2026-01-21	ועדת העבודה והרווחה
12477010:1	https://fs.knesset.gov.il/25/Committees/25_ptv_13965010.doc	2026-06-29	ועדת הכנסת
12645264:1	https://fs.knesset.gov.il/25/Committees/25_ptv_14148001.doc	2026-07-02	ועדת החוץ והביטחון
12389662:1	https://fs.knesset.gov.il/25/Committees/25_ptv_13870080.doc	2026-06-23	ועדת החינוך התרבות והספורט
12341646:1	https://fs.knesset.gov.il/25/Committees/25_ptv_13817890.doc	2026-06-08	ועדת הכספים
12463140:1	https://fs.knesset.gov.il/25/Committees/25_ptv_13949946.doc	2026-06-11	הוועדה לדיון בהצעת חוק התקשורת (שידורים)
12949524:1	https://fs.knesset.gov.il/25/Committees/25_ptv_14478688.doc	2026-06-15	הוועדה המיוחדת לעובדים זרים
12981793:1	https://fs.knesset.gov.il/25/Committees/25_ptv_14513761.doc	2026-06-21	הוועדה לפיקוח על הקרן לאזרחי ישראל
13077071:1	https://fs.knesset.gov.il/25/Committees/25_ptv_14617317.doc	2026-06-01	ועדת העבודה והרווחה
12635344:1	https://fs.knesset.gov.il/25/Committees/25_ptv_14137223.doc	2026-05-20	ועדת הפנים והגנת הסביבה
12638912:1	https://fs.knesset.gov.il/25/Committees/25_ptv_14141101.doc	2026-05-25	ועדת הפנים והגנת הסביבה
12314166:1	https://fs.knesset.gov.il/25/Committees/25_ptv_13788023.doc	2026-06-04	ועדת החינוך התרבות והספורט
12838633:1	https://fs.knesset.gov.il/25/Committees/25_ptv_14358165.doc	2026-05-26	ועדת החוקה, חוק ומשפט
12950841:1	https://fs.knesset.gov.il/25/Committees/25_ptv_14480119.doc	2026-06-16	ועדת החוקה, חוק ומשפט
12506005:1	https://fs.knesset.gov.il/25/Committees/25_ptv_13996519.doc	2026-05-12	ועדת הכלכלה
12373957:1	https://fs.knesset.gov.il/25/Committees/25_ptv_13853018.doc	2026-05-18	ועדת העבודה והרווחה
11745012:1	https://fs.knesset.gov.il/25/Committees/25_ptv_13169403.doc	2026-03-25	ועדת החוץ והביטחון
12431779:1	https://fs.knesset.gov.il/25/Committees/25_ptv_13915854.doc	2026-03-31	ועדת החוקה, חוק ומשפט
12043350:1	https://fs.knesset.gov.il/25/Committees/25_ptv_13493656.doc	2026-04-26	ועדת הכספים
12076204:1	https://fs.knesset.gov.il/25/Committees/25_ptv_13529364.doc	2026-05-14	ועדת החוץ והביטחון
11928418:1	https://fs.knesset.gov.il/25/Committees/25_ptv_13368747.doc	2026-04-30	ועדת העבודה והרווחה
12580390:1	https://fs.knesset.gov.il/25/Committees/25_ptv_14077357.doc	2026-04-28	הוועדה לקידום מעמד האישה ולשוויון מגדרי
11885912:1	https://fs.knesset.gov.il/25/Committees/25_ptv_13322554.doc	2026-03-24	ועדת החינוך התרבות והספורט
11993085:1	https://fs.knesset.gov.il/25/Committees/25_ptv_13439030.doc	2026-05-10	ועדת הכלכלה
12447101:1	https://fs.knesset.gov.il/25/Committees/25_ptv_13932500.doc	2026-05-11	ועדת הכלכלה
11754387:1	https://fs.knesset.gov.il/25/Committees/25_ptv_13179592.doc	2026-03-23	הוועדה המיוחדת לעובדים זרים
11466341:1	https://fs.knesset.gov.il/25/Committees/25_ptv_12866453.doc	2026-03-19	הוועדה המיוחדת לטיפול בשורדי השואה
12275611:1	https://fs.knesset.gov.il/25/Committees/25_ptv_13746118.doc	2026-03-18	הוועדה לביטחון לאומי
11884570:1	https://fs.knesset.gov.il/25/Committees/25_ptv_13321098.doc	2026-03-16	ועדת העבודה והרווחה
11870257:1	https://fs.knesset.gov.il/25/Committees/25_ptv_13305545.doc	2026-03-18	ועדת הכספים
10653626:1	https://fs.knesset.gov.il/25/Committees/25_ptv_11983114.doc	2026-03-12	הוועדה לפיקוח על הקרן לאזרחי ישראל
11430268:1	https://fs.knesset.gov.il/25/Committees/25_ptv_12827258.doc	2026-03-15	הוועדה לפיקוח על הקרן לאזרחי ישראל
11016781:1	https://fs.knesset.gov.il/25/Committees/25_ptv_12377844.doc	2026-03-05	הוועדה למיזמים ציבוריים
11305769:1	https://fs.knesset.gov.il/25/Committees/25_ptv_12691954.doc	2026-03-09	ועדת הכלכלה
11449599:1	https://fs.knesset.gov.il/25/Committees/25_ptv_12848261.doc	2026-03-09	הוועדה לפיקוח על הקרן לאזרחי ישראל
11016089:1	https://fs.knesset.gov.il/25/Committees/25_ptv_12377092.doc	2026-02-26	ועדת הכספים
10555782:1	https://fs.knesset.gov.il/25/Committees/25_ptv_11876761.doc	2026-02-23	ועדת הכספים
11981149:1	https://fs.knesset.gov.il/25/Committees/25_ptv_13426060.doc	2026-02-23	ועדת הכספים
11625507:1	https://fs.knesset.gov.il/25/Committees/25_ptv_13039499.doc	2026-02-24	ועדת הפנים והגנת הסביבה
10539149:1	https://fs.knesset.gov.il/25/Committees/25_ptv_11858686.doc	2026-02-15	ועדת הבריאות
10405771:1	https://fs.knesset.gov.il/25/Committees/25_ptv_11713702.doc	2026-02-10	ועדת המשנה למדיניות חוץ והסברה
11581609:1	https://fs.knesset.gov.il/25/Committees/25_ptv_12991783.doc	2026-02-10	ועדת הבריאות
11421204:1	https://fs.knesset.gov.il/25/Committees/25_ptv_12817408.doc	2026-02-16	ועדת המדע והטכנולוגיה
10444837:1	https://fs.knesset.gov.il/25/Committees/25_ptv_11756160.doc	2026-02-17	ועדת הכספים
10644312:1	https://fs.knesset.gov.il/25/Committees/25_ptv_11972988.doc	2026-02-22	ועדת הכספים
10274044:1	https://fs.knesset.gov.il/25/Committees/25_ptv_11570485.doc	2026-02-02	ועדת החינוך התרבות והספורט
10089263:1	https://fs.knesset.gov.il/25/Committees/25_ptv_11369564.doc	2026-01-27	ועדת החוקה, חוק ומשפט
11185035:1	https://fs.knesset.gov.il/25/Committees/25_ptv_12560735.doc	2026-01-28	ועדת העבודה והרווחה
11448196:1	https://fs.knesset.gov.il/25/Committees/25_ptv_12846741.doc	2026-02-09	הוועדה לקידום מעמד האישה ולשוויון מגדרי
10389009:1	https://fs.knesset.gov.il/25/Committees/25_ptv_11695483.doc	2026-02-08	ועדת החינוך התרבות והספורט
9819037:1	https://fs.knesset.gov.il/25/Committees/25_ptv_11076715.doc	2026-01-25	ועדת המשנה לתוכניות הלימודים במזרח ירושל
10738070:1	https://fs.knesset.gov.il/25/Committees/25_ptv_12074911.doc	2026-01-21	ועדת הפנים והגנת הסביבה
10985163:1	https://fs.knesset.gov.il/25/Committees/25_ptv_12343478.doc	2026-02-03	ועדת החינוך התרבות והספורט
9907829:1	https://fs.knesset.gov.il/25/Committees/25_ptv_11172273.doc	2026-01-19	הוועדה המשותפת לוועדת החוץ והביטחון ולוו
10528127:1	https://fs.knesset.gov.il/25/Committees/25_ptv_11846711.doc	2026-01-19	הוועדה המיוחדת לעובדים זרים
10422756:1	https://fs.knesset.gov.il/25/Committees/25_ptv_11732163.doc	2026-01-20	ועדת הכלכלה
9803751:1	https://fs.knesset.gov.il/25/Committees/25_ptv_11060101.doc	2026-01-12	ועדת החוץ והביטחון
10422338:1	https://fs.knesset.gov.il/25/Committees/25_ptv_11731709.doc	2026-01-12	ועדת הכלכלה
10273505:1	https://fs.knesset.gov.il/25/Committees/25_ptv_11569899.doc	2026-01-13	ועדת העלייה, הקליטה והתפוצות
10158706:1	https://fs.knesset.gov.il/25/Committees/25_ptv_11445042.doc	2026-01-26	הוועדה לביטחון לאומי
11182372:1	https://fs.knesset.gov.il/25/Committees/25_ptv_12557844.doc	2026-01-26	הוועדה לביטחון לאומי
9855808:1	https://fs.knesset.gov.il/25/Committees/25_ptv_11116671.doc	2026-01-04	ועדת המדע והטכנולוגיה
9681983:1	https://fs.knesset.gov.il/25/Committees/25_ptv_10927667.doc	2025-12-31	הוועדה לביטחון לאומי
10091896:1	https://fs.knesset.gov.il/25/Committees/25_ptv_11372423.doc	2025-12-30	ועדת העבודה והרווחה
10122602:1	https://fs.knesset.gov.il/25/Committees/25_ptv_11405798.doc	2026-01-07	ועדת החינוך התרבות והספורט
9799017:1	https://fs.knesset.gov.il/25/Committees/25_ptv_11054896.doc	2026-01-06	ועדת החוקה, חוק ומשפט
9507391:1	https://fs.knesset.gov.il/25/Committees/25_ptv_10715059.doc	2025-12-23	ועדת החוקה, חוק ומשפט
9733317:1	https://fs.knesset.gov.il/25/Committees/25_ptv_10983487.doc	2025-12-25	ועדת הפנים והגנת הסביבה
9681538:1	https://fs.knesset.gov.il/25/Committees/25_ptv_10927183.doc	2025-12-23	ועדת העבודה והרווחה
9440245:1	https://fs.knesset.gov.il/25/Committees/25_ptv_10642276.doc	2025-12-22	ועדת החוץ והביטחון
9925054:1	https://fs.knesset.gov.il/25/Committees/25_ptv_11190992.doc	2025-12-16	ועדת החוקה, חוק ומשפט
9439540:1	https://fs.knesset.gov.il/25/Committees/25_ptv_10641511.doc	2025-12-16	ועדת החוקה, חוק ומשפט
9765370:1	https://fs.knesset.gov.il/25/Committees/25_ptv_11018324.doc	2025-12-30	ועדת הכספים
9358160:1	https://fs.knesset.gov.il/25/Committees/25_ptv_10552729.doc	2025-12-09	הוועדה המיוחדת לעובדים זרים
9438357:1	https://fs.knesset.gov.il/25/Committees/25_ptv_10640226.doc	2025-12-09	הוועדה המיוחדת לטיפול בשורדי השואה
9049912:1	https://fs.knesset.gov.il/25/Committees/25_ptv_10215386.doc	2025-11-24	ועדת הכנסת
9328968:1	https://fs.knesset.gov.il/25/Committees/25_ptv_10520763.doc	2025-12-07	ועדת החוץ והביטחון
9358859:1	https://fs.knesset.gov.il/25/Committees/25_ptv_10553494.doc	2025-12-09	ועדת החוץ והביטחון
9283272:1	https://fs.knesset.gov.il/25/Committees/25_ptv_10470685.doc	2025-12-02	הוועדה לביטחון לאומי
8951642:1	https://fs.knesset.gov.il/25/Committees/25_ptv_10107689.doc	2025-11-18	הוועדה לפיקוח על הקרן לאזרחי ישראל
9049257:1	https://fs.knesset.gov.il/25/Committees/25_ptv_10214669.doc	2025-11-24	הוועדה לביטחון לאומי
9076092:1	https://fs.knesset.gov.il/25/Committees/25_ptv_10244060.doc	2025-11-26	הוועדה לענייני ביקורת המדינה
9437796:1	https://fs.knesset.gov.il/25/Committees/25_ptv_10639617.doc	2025-12-02	הוועדה המיוחדת לטיפול בשורדי השואה
8824880:1	https://fs.knesset.gov.il/25/Committees/25_ptv_9968789.doc	2025-11-10	ועדת העבודה והרווחה
8829074:1	https://fs.knesset.gov.il/25/Committees/25_ptv_9973387.doc	2025-11-12	הוועדה לענייני ביקורת המדינה
9021348:1	https://fs.knesset.gov.il/25/Committees/25_ptv_10184099.doc	2025-11-17	הוועדה לקידום מעמד האישה ולשוויון מגדרי
8786854:1	https://fs.knesset.gov.il/25/Committees/25_ptv_9927094.doc	2025-11-05	הוועדה לקידום מעמד האישה ולשוויון מגדרי
8883915:1	https://fs.knesset.gov.il/25/Committees/25_ptv_10033481.doc	2025-11-17	ועדת הכנסת
9223498:1	https://fs.knesset.gov.il/25/Committees/25_ptv_10405217.doc	2025-11-17	ועדת החוץ והביטחון
8683436:1	https://fs.knesset.gov.il/25/Committees/25_ptv_9813742.doc	2025-10-28	ועדת החוץ והביטחון
8756780:1	https://fs.knesset.gov.il/25/Committees/25_ptv_9894139.doc	2025-11-03	ועדת הכלכלה
8417650:1	https://fs.knesset.gov.il/25/Committees/25_ptv_9502268.doc	2025-10-20	ועדת הפנים והגנת הסביבה
9021136:1	https://fs.knesset.gov.il/25/Committees/25_ptv_10183867.doc	2025-10-20	ועדת הבריאות
8581172:1	https://fs.knesset.gov.il/25/Committees/25_ptv_9693222.doc	2025-10-27	ועדת הכספים
8461281:1	https://fs.knesset.gov.il/25/Committees/25_ptv_9554226.doc	2025-10-21	ועדת הפנים והגנת הסביבה
8281897:1	https://fs.knesset.gov.il/25/Committees/25_ptv_9342418.doc	2025-09-17	ועדת הכלכלה
8349231:1	https://fs.knesset.gov.il/25/Committees/25_ptv_9422614.doc	2025-09-30	ועדת החוקה, חוק ומשפט
8205701:1	https://fs.knesset.gov.il/25/Committees/25_ptv_9253421.doc	2025-09-09	ועדת החוץ והביטחון
7691887:1	https://fs.knesset.gov.il/25/Committees/25_ptv_8640887.doc	2025-08-07	ועדת העבודה והרווחה
8153053:1	https://fs.knesset.gov.il/25/Committees/25_ptv_9194249.doc	2025-08-06	ועדת הכלכלה
7685088:1	https://fs.knesset.gov.il/25/Committees/25_ptv_8632732.doc	2025-08-04	ועדת החינוך התרבות והספורט
7206169:1	https://fs.knesset.gov.il/25/Committees/25_ptv_8061993.doc	2025-07-20	ועדת החוקה, חוק ומשפט
8089764:1	https://fs.knesset.gov.il/25/Committees/25_ptv_9118318.doc	2025-07-21	הוועדה המיוחדת לעובדים זרים
8235530:1	https://fs.knesset.gov.il/25/Committees/25_ptv_9289084.doc	2025-09-16	הוועדה המיוחדת לעובדים זרים
7758297:1	https://fs.knesset.gov.il/25/Committees/25_ptv_8720550.doc	2025-08-13	ועדת המשנה לקידום מנופי צמיחה של ענף החק
8118229:1	https://fs.knesset.gov.il/25/Committees/25_ptv_9152476.doc	2025-08-12	ועדת החוקה, חוק ומשפט
7480256:1	https://fs.knesset.gov.il/25/Committees/25_ptv_8389126.doc	2025-07-15	הוועדה לביטחון לאומי
7612587:1	https://fs.knesset.gov.il/25/Committees/25_ptv_8545771.doc	2025-07-28	ועדת הכלכלה
7192473:1	https://fs.knesset.gov.il/25/Committees/25_ptv_8046137.doc	2025-07-15	ועדת העלייה, הקליטה והתפוצות
7657717:1	https://fs.knesset.gov.il/25/Committees/25_ptv_8599893.doc	2025-07-16	הוועדה המיוחדת לצמצום פערים חברתיים בפרי
7474795:1	https://fs.knesset.gov.il/25/Committees/25_ptv_8382577.doc	2025-07-08	הוועדה המיוחדת לפיקוח על תהליכי הסרת חסמ
7144457:1	https://fs.knesset.gov.il/25/Committees/25_ptv_7992192.doc	2025-07-14	הוועדה לענייני ביקורת המדינה
7570638:1	https://fs.knesset.gov.il/25/Committees/25_ptv_8495559.doc	2025-07-14	ועדת הפנים והגנת הסביבה
6993401:1	https://fs.knesset.gov.il/25/Committees/25_ptv_7828805.doc	2025-06-29	ועדת הכלכלה
7120617:1	https://fs.knesset.gov.il/25/Committees/25_ptv_7965706.doc	2025-07-08	הוועדה לביטחון לאומי
7570213:1	https://fs.knesset.gov.il/25/Committees/25_ptv_8495050.doc	2025-07-08	ועדת הכלכלה
7305452:1	https://fs.knesset.gov.il/25/Committees/25_ptv_8179371.doc	2025-07-01	הוועדה המיוחדת לעובדים זרים
6994525:1	https://fs.knesset.gov.il/25/Committees/25_ptv_7830053.doc	2025-07-03	ועדת החוקה, חוק ומשפט
7492908:1	https://fs.knesset.gov.il/25/Committees/25_ptv_8404306.doc	2025-07-02	ועדת הבריאות
6993511:1	https://fs.knesset.gov.il/25/Committees/25_ptv_7828927.doc	2025-06-30	הוועדה המשותפת של ועדת החוקה, חוק ומשפט 
7492621:1	https://fs.knesset.gov.il/25/Committees/25_ptv_8403963.doc	2025-07-01	ועדת הכספים
8446817:1	https://fs.knesset.gov.il/25/Committees/25_ptv_9536990.doc	2025-06-11	ועדת המשנה למשאבי אנוש בצה"ל
6577876:1	https://fs.knesset.gov.il/25/Committees/25_ptv_7369993.doc	2025-06-18	ועדת הכספים
6970759:1	https://fs.knesset.gov.il/25/Committees/25_ptv_7803613.doc	2025-06-04	הוועדה המיוחדת לצמצום פערים חברתיים בפרי
6509395:1	https://fs.knesset.gov.il/25/Committees/25_ptv_7293854.doc	2025-06-03	ועדת העלייה, הקליטה והתפוצות
6393086:1	https://fs.knesset.gov.il/25/Committees/25_ptv_7164523.doc	2025-05-27	ועדת הכלכלה
6958878:1	https://fs.knesset.gov.il/25/Committees/25_ptv_7790316.doc	2025-06-03	ועדת הפנים והגנת הסביבה
6392757:1	https://fs.knesset.gov.il/25/Committees/25_ptv_7164158.doc	2025-05-26	ועדת הכספים
6514496:1	https://fs.knesset.gov.il/25/Committees/25_ptv_7299524.doc	2025-06-10	ועדת הכספים
7145721:1	https://fs.knesset.gov.il/25/Committees/25_ptv_7993596.doc	2025-06-10	הוועדה המיוחדת לפניות הציבור
6496992:1	https://fs.knesset.gov.il/25/Committees/25_ptv_7280073.doc	2025-05-27	ועדת החינוך התרבות והספורט
7303852:1	https://fs.knesset.gov.il/25/Committees/25_ptv_8177455.doc	2025-05-26	הוועדה המיוחדת לזכויות הילד
6762115:1	https://fs.knesset.gov.il/25/Committees/25_ptv_7572566.doc	2025-05-19	הוועדה לקידום מעמד האישה ולשוויון מגדרי
6483921:1	https://fs.knesset.gov.il/25/Committees/25_ptv_7265525.doc	2025-05-13	הוועדה המיוחדת לעובדים זרים
7060258:1	https://fs.knesset.gov.il/25/Committees/25_ptv_7898650.doc	2025-05-12	ועדת הפנים והגנת הסביבה
6669495:1	https://fs.knesset.gov.il/25/Committees/25_ptv_7470709.doc	2025-05-12	ועדת העבודה והרווחה
6484469:1	https://fs.knesset.gov.il/25/Committees/25_ptv_7266136.doc	2025-05-20	ועדת החוקה, חוק ומשפט
6933753:1	https://fs.knesset.gov.il/25/Committees/25_ptv_7762391.doc	2025-05-19	ועדת החינוך התרבות והספורט
6395004:1	https://fs.knesset.gov.il/25/Committees/25_ptv_7166662.doc	2025-05-05	ועדת הבריאות
6024447:1	https://fs.knesset.gov.il/25/Committees/25_ptv_6754622.doc	2025-03-30	ועדת החוקה, חוק ומשפט
6132205:1	https://fs.knesset.gov.il/25/Committees/25_ptv_6874505.doc	2025-04-08	ועדת החוקה, חוק ומשפט
6360679:1	https://fs.knesset.gov.il/25/Committees/25_ptv_7128501.doc	2025-04-27	הוועדה המיוחדת לעובדים זרים
6128928:1	https://fs.knesset.gov.il/25/Committees/25_ptv_6870857.doc	2025-04-07	הוועדה המיוחדת לחיזוק ופיתוח הנגב והגליל
6190389:1	https://fs.knesset.gov.il/25/Committees/25_ptv_6939193.doc	2025-05-06	ועדת הכלכלה
6483864:1	https://fs.knesset.gov.il/25/Committees/25_ptv_7265462.doc	2025-05-06	ועדת העבודה והרווחה
6018149:1	https://fs.knesset.gov.il/25/Committees/25_ptv_6747622.doc	2025-03-23	הוועדה המיוחדת לעובדים זרים
5839665:1	https://fs.knesset.gov.il/25/Committees/25_ptv_6549180.doc	2025-03-10	ועדת העבודה והרווחה
6233756:1	https://fs.knesset.gov.il/25/Committees/25_ptv_6987415.doc	2025-03-10	ועדת החינוך התרבות והספורט
6106093:1	https://fs.knesset.gov.il/25/Committees/25_ptv_6845429.doc	2025-03-12	הוועדה המיוחדת לטיפול בשורדי השואה
6077895:1	https://fs.knesset.gov.il/25/Committees/25_ptv_6814092.doc	2025-03-17	הוועדה לביטחון לאומי
8701855:1	https://fs.knesset.gov.il/25/Committees/25_ptv_9833947.doc	2025-03-17	ועדת החינוך התרבות והספורט
5949606:1	https://fs.knesset.gov.il/25/Committees/25_ptv_6671421.doc	2025-03-10	הוועדה המיוחדת לעובדים זרים
6077894:1	https://fs.knesset.gov.il/25/Committees/25_ptv_6814091.doc	2025-03-18	ועדת הכלכלה
8403115:1	https://fs.knesset.gov.il/25/Committees/25_ptv_9484951.doc	2025-03-19	ועדת החינוך התרבות והספורט
5852843:1	https://fs.knesset.gov.il/25/Committees/25_ptv_6563835.doc	2025-02-25	הוועדה המיוחדת לעובדים זרים
5810717:1	https://fs.knesset.gov.il/25/Committees/25_ptv_6517015.doc	2025-02-24	הוועדה לביטחון לאומי
5208055:1	https://fs.knesset.gov.il/25/Committees/25_ptv_5850384.doc	2025-03-03	ועדת הכספים
6081504:1	https://fs.knesset.gov.il/25/Committees/25_ptv_6818101.doc	2025-03-03	הוועדה לביטחון לאומי
5949380:1	https://fs.knesset.gov.il/25/Committees/25_ptv_6671169.doc	2025-03-04	ועדת החינוך התרבות והספורט
5191540:1	https://fs.knesset.gov.il/25/Committees/25_ptv_5831685.doc	2025-02-18	הוועדה לביטחון לאומי
5810516:1	https://fs.knesset.gov.il/25/Committees/25_ptv_6516792.doc	2025-02-19	ועדת העבודה והרווחה
5513565:1	https://fs.knesset.gov.il/25/Committees/25_ptv_6190176.doc	2025-02-11	הוועדה לפיקוח על הקרן לאזרחי ישראל
5196975:1	https://fs.knesset.gov.il/25/Committees/25_ptv_5838072.doc	2025-02-18	הוועדה למיזמים ציבוריים
5877589:1	https://fs.knesset.gov.il/25/Committees/25_ptv_6591338.doc	2025-02-18	ועדת הבריאות
5468750:1	https://fs.knesset.gov.il/25/Committees/25_ptv_6140314.doc	2025-02-17	ועדת החינוך התרבות והספורט
5124026:1	https://fs.knesset.gov.il/25/Committees/25_ptv_5746513.doc	2025-02-11	ועדת החוקה, חוק ומשפט
5653521:1	https://fs.knesset.gov.il/25/Committees/25_ptv_6345692.doc	2025-02-11	הוועדה לביטחון לאומי
5303887:1	https://fs.knesset.gov.il/25/Committees/25_ptv_5957065.doc	2025-02-05	ועדת הבריאות
5109132:1	https://fs.knesset.gov.il/25/Committees/25_ptv_5727307.doc	2025-02-04	ועדת המדע והטכנולוגיה
5468788:1	https://fs.knesset.gov.il/25/Committees/25_ptv_6140356.doc	2025-02-03	ועדת החינוך התרבות והספורט
5178390:1	https://fs.knesset.gov.il/25/Committees/25_ptv_5815255.doc	2025-01-28	הוועדה המיוחדת לזכויות הילד
5105235:1	https://fs.knesset.gov.il/25/Committees/25_ptv_5722300.doc	2025-01-30	הוועדה המיוחדת לצמצום פערים חברתיים בפרי
5424855:1	https://fs.knesset.gov.il/25/Committees/25_ptv_6091554.doc	2025-01-29	ועדת הפנים והגנת הסביבה
5178110:1	https://fs.knesset.gov.il/25/Committees/25_ptv_5814905.doc	2025-01-22	ועדת החינוך התרבות והספורט
5043401:1	https://fs.knesset.gov.il/25/Committees/25_ptv_5642770.doc	2025-01-15	ועדת הכנסת
5177613:1	https://fs.knesset.gov.il/25/Committees/25_ptv_5814281.doc	2025-01-20	ועדת הכנסת
5130023:1	https://fs.knesset.gov.il/25/Committees/25_ptv_5754231.doc	2025-01-21	ועדת הבריאות
4948148:1	https://fs.knesset.gov.il/25/Committees/25_ptv_5520328.doc	2025-01-07	ועדת החוקה, חוק ומשפט
5068176:1	https://fs.knesset.gov.il/25/Committees/25_ptv_5674635.doc	2025-01-07	ועדת החינוך התרבות והספורט
5103548:1	https://fs.knesset.gov.il/25/Committees/25_ptv_5720143.doc	2025-01-14	הוועדה המיוחדת לחיזוק ופיתוח הנגב והגליל
4947506:1	https://fs.knesset.gov.il/25/Committees/25_ptv_5519477.doc	2024-12-30	הוועדה המשותפת של ועדת החוקה, חוק ומשפט,
5009945:1	https://fs.knesset.gov.il/25/Committees/25_ptv_5599769.doc	2025-01-06	ועדת החינוך התרבות והספורט
4938098:1	https://fs.knesset.gov.il/25/Committees/25_ptv_5507435.doc	2024-12-22	ועדת הכלכלה
4948279:1	https://fs.knesset.gov.il/25/Committees/25_ptv_5520493.doc	2025-01-13	ועדת הכספים
5080261:1	https://fs.knesset.gov.il/25/Committees/25_ptv_5690211.doc	2025-01-08	ועדת הכלכלה
4977764:1	https://fs.knesset.gov.il/25/Committees/25_ptv_5558402.doc	2024-12-26	ועדת הכספים
4884240:1	https://fs.knesset.gov.il/25/Committees/25_ptv_5438371.doc	2024-12-17	הוועדה לביטחון לאומי
4975454:1	https://fs.knesset.gov.il/25/Committees/25_ptv_5555433.doc	2024-12-17	ועדת העלייה, הקליטה והתפוצות
4963910:1	https://fs.knesset.gov.il/25/Committees/25_ptv_5540594.doc	2024-12-23	ועדת החינוך התרבות והספורט
4833212:1	https://fs.knesset.gov.il/25/Committees/25_ptv_5372830.doc	2024-12-03	ועדת החוקה, חוק ומשפט
4963527:1	https://fs.knesset.gov.il/25/Committees/25_ptv_5540111.doc	2024-12-03	ועדת הפנים והגנת הסביבה
4933216:1	https://fs.knesset.gov.il/25/Committees/25_ptv_5501163.doc	2024-12-16	הוועדה לקידום מעמד האישה ולשוויון מגדרי
4876963:1	https://fs.knesset.gov.il/25/Committees/25_ptv_5429093.doc	2024-12-10	הוועדה לפיקוח על הקרן לאזרחי ישראל
4727701:1	https://fs.knesset.gov.il/25/Committees/25_ptv_5228513.doc	2024-12-02	ועדת החוקה, חוק ומשפט
4876642:1	https://fs.knesset.gov.il/25/Committees/25_ptv_5428685.doc	2024-12-02	ועדת המדע והטכנולוגיה
4823783:1	https://fs.knesset.gov.il/25/Committees/25_ptv_5360717.doc	2024-11-26	ועדת החוקה, חוק ומשפט
4707073:1	https://fs.knesset.gov.il/25/Committees/25_ptv_5194470.doc	2024-11-19	ועדת העלייה, הקליטה והתפוצות
4805254:1	https://fs.knesset.gov.il/25/Committees/25_ptv_5337412.doc	2024-11-19	ועדת החוץ והביטחון
4823720:1	https://fs.knesset.gov.il/25/Committees/25_ptv_5360637.doc	2024-11-26	הוועדה לביטחון לאומי
4726685:1	https://fs.knesset.gov.il/25/Committees/25_ptv_5226859.doc	2024-11-20	ועדת החוקה, חוק ומשפט
4823628:1	https://fs.knesset.gov.il/25/Committees/25_ptv_5360521.doc	2024-11-25	ועדת החינוך התרבות והספורט
4878801:1	https://fs.knesset.gov.il/25/Committees/25_ptv_5431429.doc	2024-12-09	הוועדה לענייני ביקורת המדינה
4696788:1	https://fs.knesset.gov.il/25/Committees/25_ptv_5177442.doc	2024-11-13	הוועדה לביטחון לאומי
4727533:1	https://fs.knesset.gov.il/25/Committees/25_ptv_5228244.doc	2024-11-12	ועדת העלייה, הקליטה והתפוצות
4709081:1	https://fs.knesset.gov.il/25/Committees/25_ptv_5197805.doc	2024-11-04	ועדת הכלכלה
4687104:1	https://fs.knesset.gov.il/25/Committees/25_ptv_5161460.doc	2024-11-05	ועדת החינוך התרבות והספורט
4709730:1	https://fs.knesset.gov.il/25/Committees/25_ptv_5198854.doc	2024-11-10	ועדת הכנסת
4715995:1	https://fs.knesset.gov.il/25/Committees/25_ptv_5209115.doc	2024-11-11	ועדת החינוך התרבות והספורט
4709818:1	https://fs.knesset.gov.il/25/Committees/25_ptv_5198990.doc	2024-11-19	ועדת החוקה, חוק ומשפט
4805108:1	https://fs.knesset.gov.il/25/Committees/25_ptv_5337234.doc	2024-11-18	ועדת המדע והטכנולוגיה
4687074:1	https://fs.knesset.gov.il/25/Committees/25_ptv_5161412.doc	2024-11-04	הוועדה לקידום מעמד האישה ולשוויון מגדרי
4662665:1	https://fs.knesset.gov.il/25/Committees/25_ptv_5121240.doc	2024-10-28	הוועדה המיוחדת לזכויות הילד
4715829:1	https://fs.knesset.gov.il/25/Committees/25_ptv_5208850.doc	2024-10-28	ועדת העבודה והרווחה
4662460:1	https://fs.knesset.gov.il/25/Committees/25_ptv_5120905.doc	2024-09-30	ועדת הפנים והגנת הסביבה
4654073:1	https://fs.knesset.gov.il/25/Committees/25_ptv_5106982.doc	2024-09-23	ועדת הפנים והגנת הסביבה
4602683:1	https://fs.knesset.gov.il/25/Committees/25_ptv_5021626.doc	2024-09-17	ועדת הפנים והגנת הסביבה
4664951:1	https://fs.knesset.gov.il/25/Committees/25_ptv_5124983.doc	2024-09-18	הוועדה לביטחון לאומי
4609153:1	https://fs.knesset.gov.il/25/Committees/25_ptv_5032362.doc	2024-09-11	ועדת הכספים
4600347:1	https://fs.knesset.gov.il/25/Committees/25_ptv_5017778.doc	2024-09-08	ועדת הפנים והגנת הסביבה
4648028:1	https://fs.knesset.gov.il/25/Committees/25_ptv_5097043.doc	2024-09-11	ועדת הכספים
4608838:1	https://fs.knesset.gov.il/25/Committees/25_ptv_5031841.doc	2024-08-14	הוועדה המיוחדת לחיזוק ופיתוח הנגב והגליל
4557485:1	https://fs.knesset.gov.il/25/Committees/25_ptv_4946732.doc	2024-08-07	ועדת העלייה, הקליטה והתפוצות
4602424:1	https://fs.knesset.gov.il/25/Committees/25_ptv_5021201.doc	2024-08-07	הוועדה המיוחדת לחיזוק ופיתוח הנגב והגליל
4677770:1	https://fs.knesset.gov.il/25/Committees/25_ptv_5146123.doc	2024-10-28	הוועדה לביטחון לאומי
4439002:1	https://fs.knesset.gov.il/25/Committees/25_ptv_4765311.doc	2024-07-28	ועדת הכנסת
4581459:1	https://fs.knesset.gov.il/25/Committees/25_ptv_4986436.doc	2024-07-30	ועדת הכלכלה
4538470:1	https://fs.knesset.gov.il/25/Committees/25_ptv_4915211.doc	2024-07-18	ועדת החוקה, חוק ומשפט
4504298:1	https://fs.knesset.gov.il/25/Committees/25_ptv_4867734.doc	2024-07-21	ועדת הפנים והגנת הסביבה
4557574:1	https://fs.knesset.gov.il/25/Committees/25_ptv_4946877.doc	2024-07-22	ועדת החוקה, חוק ומשפט
4587875:1	https://fs.knesset.gov.il/25/Committees/25_ptv_4997053.doc	2024-07-16	ועדת החוקה, חוק ומשפט
4557867:1	https://fs.knesset.gov.il/25/Committees/25_ptv_4947340.doc	2024-08-04	הוועדה המיוחדת לעובדים זרים
4664801:1	https://fs.knesset.gov.il/25/Committees/25_ptv_5124739.doc	2024-08-01	ועדת החוקה, חוק ומשפט
4522173:1	https://fs.knesset.gov.il/25/Committees/25_ptv_4891229.doc	2024-07-14	ועדת החוקה, חוק ומשפט
4400598:1	https://fs.knesset.gov.il/25/Committees/25_ptv_4701783.doc	2024-07-03	ועדת הכנסת
4548938:1	https://fs.knesset.gov.il/25/Committees/25_ptv_4932558.doc	2024-07-02	ועדת המשנה לעניין פיקוח על גופים נותני ש
4545004:1	https://fs.knesset.gov.il/25/Committees/25_ptv_4926023.doc	2024-07-09	ועדת העלייה, הקליטה והתפוצות
4533857:1	https://fs.knesset.gov.il/25/Committees/25_ptv_4907560.doc	2024-07-15	הוועדה לענייני ביקורת המדינה
4579273:1	https://fs.knesset.gov.il/25/Committees/25_ptv_4982822.doc	2024-07-15	ועדת החינוך התרבות והספורט
4520048:1	https://fs.knesset.gov.il/25/Committees/25_ptv_4888709.doc	2024-07-08	ועדת העבודה והרווחה
4399832:1	https://fs.knesset.gov.il/25/Committees/25_ptv_4700511.doc	2024-07-02	הוועדה לענייני ביקורת המדינה
4544720:1	https://fs.knesset.gov.il/25/Committees/25_ptv_4925559.doc	2024-07-02	הוועדה המיוחדת לזכויות הילד
4503864:1	https://fs.knesset.gov.il/25/Committees/25_ptv_4867125.doc	2024-06-25	הוועדה המיוחדת לפניות הציבור
4544588:1	https://fs.knesset.gov.il/25/Committees/25_ptv_4925345.doc	2024-06-25	ועדת החינוך התרבות והספורט
4394133:1	https://fs.knesset.gov.il/25/Committees/25_ptv_4691099.doc	2024-06-18	הוועדה לביטחון לאומי
4375203:1	https://fs.knesset.gov.il/25/Committees/25_ptv_4666456.doc	2024-06-25	ועדת העבודה והרווחה
4504363:1	https://fs.knesset.gov.il/25/Committees/25_ptv_4867824.doc	2024-06-25	ועדת הכלכלה
4393138:1	https://fs.knesset.gov.il/25/Committees/25_ptv_4689478.doc	2024-06-10	הוועדה המיוחדת לזכויות הילד
4402775:1	https://fs.knesset.gov.il/25/Committees/25_ptv_4705377.doc	2024-06-30	ועדת הכלכלה
4533807:1	https://fs.knesset.gov.il/25/Committees/25_ptv_4907480.doc	2024-07-01	ועדת החינוך התרבות והספורט
4451643:1	https://fs.knesset.gov.il/25/Committees/25_ptv_4786280.doc	2024-06-18	ועדת המשנה לספורט
4337534:1	https://fs.knesset.gov.il/25/Committees/25_ptv_4610910.doc	2024-05-28	הוועדה המיוחדת לזכויות הילד
4377394:1	https://fs.knesset.gov.il/25/Committees/25_ptv_4670073.doc	2024-05-28	ועדת הכלכלה
4375206:1	https://fs.knesset.gov.il/25/Committees/25_ptv_4666459.doc	2024-06-16	ועדת הכלכלה
4303489:1	https://fs.knesset.gov.il/25/Committees/25_ptv_4554724.doc	2024-06-03	ועדת החוקה, חוק ומשפט
4370031:1	https://fs.knesset.gov.il/25/Committees/25_ptv_4657918.doc	2024-06-04	ועדת החינוך התרבות והספורט
4337793:1	https://fs.knesset.gov.il/25/Committees/25_ptv_4611328.doc	2024-06-05	הוועדה לענייני ביקורת המדינה
4434546:1	https://fs.knesset.gov.il/25/Committees/25_ptv_4757990.doc	2024-06-04	הוועדה לענייני ביקורת המדינה
4337546:1	https://fs.knesset.gov.il/25/Committees/25_ptv_4610928.doc	2024-05-28	הוועדה לביטחון לאומי
4280466:1	https://fs.knesset.gov.il/25/Committees/25_ptv_4517659.doc	2024-05-21	ועדת החוקה, חוק ומשפט
4334278:1	https://fs.knesset.gov.il/25/Committees/25_ptv_4605522.doc	2024-05-21	הוועדה המיוחדת לטיפול בשורדי השואה
4302811:1	https://fs.knesset.gov.il/25/Committees/25_ptv_4553609.doc	2024-05-20	הוועדה לקידום מעמד האישה ולשוויון מגדרי
4361819:1	https://fs.knesset.gov.il/25/Committees/25_ptv_4644448.doc	2024-05-16	הוועדה המיוחדת לענייני הצעירים
4302739:1	https://fs.knesset.gov.il/25/Committees/25_ptv_4553491.doc	2024-05-08	הוועדה לביטחון לאומי
4222072:1	https://fs.knesset.gov.il/25/Committees/25_ptv_4428223.doc	2024-04-15	הוועדה לענייני ביקורת המדינה
4297329:1	https://fs.knesset.gov.il/25/Committees/25_ptv_4544510.doc	2024-04-15	ועדת הכספים
4256318:1	https://fs.knesset.gov.il/25/Committees/25_ptv_4484750.doc	2024-04-16	ועדת הפנים והגנת הסביבה
4220902:1	https://fs.knesset.gov.il/25/Committees/25_ptv_4426293.doc	2024-04-01	ועדת הפנים והגנת הסביבה
4242998:1	https://fs.knesset.gov.il/25/Committees/25_ptv_4462780.doc	2024-04-02	ועדת הפנים והגנת הסביבה
4220325:1	https://fs.knesset.gov.il/25/Committees/25_ptv_4425340.doc	2024-04-01	ועדת הכספים
4220956:1	https://fs.knesset.gov.il/25/Committees/25_ptv_4426377.doc	2024-04-03	הוועדה המיוחדת לפניות הציבור
4255095:1	https://fs.knesset.gov.il/25/Committees/25_ptv_4482783.doc	2024-04-03	ועדת הכלכלה
4162333:1	https://fs.knesset.gov.il/25/Committees/25_ptv_4325578.doc	2024-03-17	ועדת החוקה, חוק ומשפט
4194736:1	https://fs.knesset.gov.il/25/Committees/25_ptv_4384348.doc	2024-03-26	הוועדה המיוחדת לטיפול בשורדי השואה
4220195:1	https://fs.knesset.gov.il/25/Committees/25_ptv_4425134.doc	2024-03-27	הוועדה המיוחדת לחיזוק ופיתוח הנגב והגליל
4186537:1	https://fs.knesset.gov.il/25/Committees/25_ptv_4370723.doc	2024-03-19	ועדת החינוך התרבות והספורט
4190658:1	https://fs.knesset.gov.il/25/Committees/25_ptv_4377585.doc	2024-03-20	הוועדה לביטחון לאומי
4205247:1	https://fs.knesset.gov.il/25/Committees/25_ptv_4401737.doc	2024-03-26	ועדת הפנים והגנת הסביבה
4186364:1	https://fs.knesset.gov.il/25/Committees/25_ptv_4370448.doc	2024-03-18	הוועדה המיוחדת למאבק בשימוש בסמים ובאלכו
4121272:1	https://fs.knesset.gov.il/25/Committees/25_ptv_4236040.doc	2024-03-05	ועדת הכלכלה
4197187:1	https://fs.knesset.gov.il/25/Committees/25_ptv_4388354.doc	2024-03-05	ועדת העבודה והרווחה
4159302:1	https://fs.knesset.gov.il/25/Committees/25_ptv_4319643.doc	2024-03-10	הוועדה לפיקוח על הקרן לאזרחי ישראל
4149323:1	https://fs.knesset.gov.il/25/Committees/25_ptv_4299879.doc	2024-02-29	ועדת הבריאות
4184350:1	https://fs.knesset.gov.il/25/Committees/25_ptv_4367116.doc	2024-03-04	ועדת העלייה, הקליטה והתפוצות
4149249:1	https://fs.knesset.gov.il/25/Committees/25_ptv_4291097.doc	2024-02-26	ועדת העבודה והרווחה
4085490:1	https://fs.knesset.gov.il/25/Committees/25_ptv_4165950.doc	2024-02-07	ועדת הפנים והגנת הסביבה
4224412:1	https://fs.knesset.gov.il/25/Committees/25_ptv_4432102.doc	2024-02-06	ועדת החוקה, חוק ומשפט
4115220:1	https://fs.knesset.gov.il/25/Committees/25_ptv_4224244.doc	2024-02-20	הוועדה לקידום מעמד האישה ולשוויון מגדרי
4094902:1	https://fs.knesset.gov.il/25/Committees/25_ptv_4184439.doc	2024-02-12	ועדת הבריאות
4122838:1	https://fs.knesset.gov.il/25/Committees/25_ptv_4239084.doc	2024-02-12	הוועדה המיוחדת לצמצום פערים חברתיים בפרי
4112395:1	https://fs.knesset.gov.il/25/Committees/25_ptv_4218636.doc	2024-02-14	ועדת העלייה, הקליטה והתפוצות
4085064:1	https://fs.knesset.gov.il/25/Committees/25_ptv_4165471.doc	2024-01-30	ועדת הכספים
4115168:1	https://fs.knesset.gov.il/25/Committees/25_ptv_4224144.doc	2024-01-30	הוועדה לקידום מעמד האישה ולשוויון מגדרי
4118165:1	https://fs.knesset.gov.il/25/Committees/25_ptv_4230025.doc	2024-02-18	הוועדה למיזמים ציבוריים
4085441:1	https://fs.knesset.gov.il/25/Committees/25_ptv_4165901.doc	2024-02-05	ועדת הכספים
4106867:1	https://fs.knesset.gov.il/25/Committees/25_ptv_4207971.doc	2024-02-05	הוועדה לקידום מעמד האישה ולשוויון מגדרי
4043971:1	https://fs.knesset.gov.il/25/Committees/25_ptv_4117551.doc	2024-01-22	הוועדה המיוחדת לפניות הציבור
4058520:1	https://fs.knesset.gov.il/25/Committees/25_ptv_4132100.doc	2024-01-28	ועדת העלייה, הקליטה והתפוצות
4094474:1	https://fs.knesset.gov.il/25/Committees/25_ptv_4183616.doc	2024-01-24	ועדת הכלכלה
4030574:1	https://fs.knesset.gov.il/25/Committees/25_ptv_4104154.doc	2024-01-23	ועדת הכספים
4008534:1	https://fs.knesset.gov.il/25/Committees/25_ptv_4082114.doc	2024-01-16	ועדת העלייה, הקליטה והתפוצות
4067844:1	https://fs.knesset.gov.il/25/Committees/25_ptv_4141482.doc	2024-01-16	ועדת העלייה, הקליטה והתפוצות
3990894:1	https://fs.knesset.gov.il/25/Committees/25_ptv_4064474.doc	2024-01-08	ועדת הכספים
4008601:1	https://fs.knesset.gov.il/25/Committees/25_ptv_4082181.doc	2024-01-09	ועדת המשנה למדיניות חוץ והסברה
4072299:1	https://fs.knesset.gov.il/25/Committees/25_ptv_4150164.doc	2024-01-15	הוועדה המיוחדת לצמצום פערים חברתיים בפרי
3846397:1	https://fs.knesset.gov.il/25/Committees/25_ptv_3919972.doc	2023-12-26	ועדת הכספים
3959538:1	https://fs.knesset.gov.il/25/Committees/25_ptv_4033118.doc	2024-01-02	ועדת הבריאות
4072293:1	https://fs.knesset.gov.il/25/Committees/25_ptv_4150154.doc	2024-01-07	ועדת העבודה והרווחה
3846317:1	https://fs.knesset.gov.il/25/Committees/25_ptv_3919892.doc	2023-12-25	הוועדה המיוחדת לפניות הציבור
3654777:1	https://fs.knesset.gov.il/25/Committees/25_ptv_3728352.doc	2023-12-04	ועדת הכנסת
3896343:1	https://fs.knesset.gov.il/25/Committees/25_ptv_3969918.doc	2023-12-04	ועדת החוקה, חוק ומשפט
3959448:1	https://fs.knesset.gov.il/25/Committees/25_ptv_4033028.doc	2024-01-01	הוועדה המשותפת של ועדת המדע והטכנולוגיה 
3761050:1	https://fs.knesset.gov.il/25/Committees/25_ptv_3834625.doc	2023-12-12	ועדת הכנסת
3839415:1	https://fs.knesset.gov.il/25/Committees/25_ptv_3912990.doc	2023-12-18	ועדת הפנים והגנת הסביבה
3652393:1	https://fs.knesset.gov.il/25/Committees/25_ptv_3725968.doc	2023-11-27	ועדת הפנים והגנת הסביבה
3600183:1	https://fs.knesset.gov.il/25/Committees/25_ptv_3673758.doc	2023-11-21	הוועדה לענייני ביקורת המדינה
3652360:1	https://fs.knesset.gov.il/25/Committees/25_ptv_3725935.doc	2023-11-20	הוועדה המיוחדת לזכויות הילד
3775670:1	https://fs.knesset.gov.il/25/Committees/25_ptv_3849245.doc	2023-12-20	הוועדה לענייני ביקורת המדינה
3526011:1	https://fs.knesset.gov.il/25/Committees/25_ptv_3599586.doc	2023-11-14	הוועדה המיוחדת לעובדים זרים
3666385:1	https://fs.knesset.gov.il/25/Committees/25_ptv_3739960.doc	2023-11-16	הוועדה המיוחדת לחיזוק ופיתוח הנגב והגליל
3564762:1	https://fs.knesset.gov.il/25/Committees/25_ptv_3638337.doc	2023-11-14	הוועדה המיוחדת לטיפול בשורדי השואה
3638246:1	https://fs.knesset.gov.il/25/Committees/25_ptv_3711821.doc	2023-11-28	ועדת הבריאות
3747408:1	https://fs.knesset.gov.il/25/Committees/25_ptv_3820983.doc	2023-11-30	ועדת המשנה למדיניות חוץ והסברה
3530456:1	https://fs.knesset.gov.il/25/Committees/25_ptv_3604031.doc	2023-11-08	ועדת הכלכלה
3526245:1	https://fs.knesset.gov.il/25/Committees/25_ptv_3599820.doc	2023-11-02	ועדת הכנסת
3557175:1	https://fs.knesset.gov.il/25/Committees/25_ptv_3630750.doc	2023-11-05	ועדת העבודה והרווחה
3453848:1	https://fs.knesset.gov.il/25/Committees/25_ptv_3527423.doc	2023-11-01	ועדת הבריאות
3421538:1	https://fs.knesset.gov.il/25/Committees/25_ptv_3495113.doc	2023-10-30	הוועדה המיוחדת לפניות הציבור
3638525:1	https://fs.knesset.gov.il/25/Committees/25_ptv_3712100.doc	2023-10-29	ועדת הפנים והגנת הסביבה
3638471:1	https://fs.knesset.gov.il/25/Committees/25_ptv_3712046.doc	2023-10-16	הוועדה המיוחדת לחיזוק ופיתוח הנגב והגליל
3395405:1	https://fs.knesset.gov.il/25/Committees/25_ptv_3468980.doc	2023-10-24	ועדת הכספים
3469322:1	https://fs.knesset.gov.il/25/Committees/25_ptv_3542897.doc	2023-10-24	הוועדה המיוחדת לעובדים זרים
3183644:1	https://fs.knesset.gov.il/25/Committees/25_ptv_3257219.doc	2023-07-25	הוועדה המיוחדת לפניות הציבור
3348288:1	https://fs.knesset.gov.il/25/Committees/25_ptv_3421863.doc	2023-09-12	ועדת הכספים
3564522:1	https://fs.knesset.gov.il/25/Committees/25_ptv_3638097.doc	2023-09-13	ועדת הכלכלה
3344732:1	https://fs.knesset.gov.il/25/Committees/25_ptv_3418307.doc	2023-07-19	ועדת הפנים והגנת הסביבה
3341488:1	https://fs.knesset.gov.il/25/Committees/25_ptv_3415063.doc	2023-07-18	ועדת הבריאות
3188468:1	https://fs.knesset.gov.il/25/Committees/25_ptv_3262043.doc	2023-09-05	ועדת הכספים
3395177:1	https://fs.knesset.gov.il/25/Committees/25_ptv_3468752.doc	2023-08-13	ועדת המשנה לקידום הבטיחות בדרכים
3277910:1	https://fs.knesset.gov.il/25/Committees/25_ptv_3351485.doc	2023-07-16	ועדת הכלכלה
2890073:1	https://fs.knesset.gov.il/25/Committees/25_ptv_2963632.doc	2023-07-12	ועדת הכספים
3277801:1	https://fs.knesset.gov.il/25/Committees/25_ptv_3351376.doc	2023-07-12	הוועדה לביטחון לאומי
3178243:1	https://fs.knesset.gov.il/25/Committees/25_ptv_3251818.doc	2023-07-10	ועדת העבודה והרווחה
3225422:1	https://fs.knesset.gov.il/25/Committees/25_ptv_3298997.doc	2023-07-17	הוועדה המיוחדת לטיפול בשורדי השואה
3375388:1	https://fs.knesset.gov.il/25/Committees/25_ptv_3448963.doc	2023-07-17	ועדת הבריאות
3188583:1	https://fs.knesset.gov.il/25/Committees/25_ptv_3262158.doc	2023-07-06	ועדת הכלכלה
3156410:1	https://fs.knesset.gov.il/25/Committees/25_ptv_3229985.doc	2023-07-03	ועדת הבריאות
3002361:1	https://fs.knesset.gov.il/25/Committees/25_ptv_3075920.doc	2023-06-28	ועדת העלייה, הקליטה והתפוצות
2829156:1	https://fs.knesset.gov.il/25/Committees/25_ptv_2902715.doc	2023-07-10	ועדת החוקה, חוק ומשפט
3178219:1	https://fs.knesset.gov.il/25/Committees/25_ptv_3251794.doc	2023-07-10	ועדת החינוך התרבות והספורט
2981070:1	https://fs.knesset.gov.il/25/Committees/25_ptv_3054629.doc	2023-06-25	ועדת הכלכלה
3990769:1	https://fs.knesset.gov.il/25/Committees/25_ptv_4064349.doc	2023-06-26	ועדת העבודה והרווחה
3002296:1	https://fs.knesset.gov.il/25/Committees/25_ptv_3075855.doc	2023-06-21	הוועדה לביטחון לאומי
2889398:1	https://fs.knesset.gov.il/25/Committees/25_ptv_2962957.doc	2023-06-26	הוועדה המשותפת של ועדת החוקה, חוק ומשפט,
2783057:1	https://fs.knesset.gov.il/25/Committees/25_ptv_2856617.doc	2023-06-19	ועדת הכספים
2975117:1	https://fs.knesset.gov.il/25/Committees/25_ptv_3048676.doc	2023-06-20	הוועדה המשותפת של ועדת החוקה, חוק ומשפט 
2842364:1	https://fs.knesset.gov.il/25/Committees/25_ptv_2915923.doc	2023-06-12	ועדת המדע והטכנולוגיה
2642907:1	https://fs.knesset.gov.il/25/Committees/25_ptv_2716467.doc	2023-06-12	ועדת הכנסת
2882267:1	https://fs.knesset.gov.il/25/Committees/25_ptv_2955826.doc	2023-06-12	ועדת החינוך התרבות והספורט
2783298:1	https://fs.knesset.gov.il/25/Committees/25_ptv_2856858.doc	2023-06-14	ועדת הבריאות
2632435:1	https://fs.knesset.gov.il/25/Committees/25_ptv_2705995.doc	2023-06-06	ועדת הפנים והגנת הסביבה
2882266:1	https://fs.knesset.gov.il/25/Committees/25_ptv_2955825.doc	2023-06-06	ועדת העבודה והרווחה
2668583:1	https://fs.knesset.gov.il/25/Committees/25_ptv_2742143.doc	2023-06-05	ועדת החינוך התרבות והספורט
3031679:1	https://fs.knesset.gov.il/25/Committees/25_ptv_3105238.doc	2023-06-01	הוועדה לביטחון לאומי
2731920:1	https://fs.knesset.gov.il/25/Committees/25_ptv_2805480.doc	2023-05-31	ועדת הכספים
2618250:1	https://fs.knesset.gov.il/25/Committees/25_ptv_2691810.doc	2023-05-29	ועדת החוקה, חוק ומשפט
2892707:1	https://fs.knesset.gov.il/25/Committees/25_ptv_2966266.doc	2023-05-29	הוועדה לביטחון לאומי
2632767:1	https://fs.knesset.gov.il/25/Committees/25_ptv_2706327.doc	2023-05-11	ועדת הכנסת
2583433:1	https://fs.knesset.gov.il/25/Committees/25_ptv_2656993.doc	2023-05-10	ועדת העבודה והרווחה
2476925:1	https://fs.knesset.gov.il/25/Committees/25_ptv_2550485.doc	2023-05-07	ועדת הכספים
2554150:1	https://fs.knesset.gov.il/25/Committees/25_ptv_2627710.doc	2023-05-08	ועדת החינוך התרבות והספורט
2618126:1	https://fs.knesset.gov.il/25/Committees/25_ptv_2691686.doc	2023-05-17	הוועדה המיוחדת לטיפול בשורדי השואה
2784900:1	https://fs.knesset.gov.il/25/Committees/25_ptv_2858460.doc	2023-05-17	הוועדה לענייני ביקורת המדינה
2583436:1	https://fs.knesset.gov.il/25/Committees/25_ptv_2656996.doc	2023-05-15	ועדת החינוך התרבות והספורט
2547953:1	https://fs.knesset.gov.il/25/Committees/25_ptv_2621513.doc	2023-05-08	ועדת הכספים
2761202:1	https://fs.knesset.gov.il/25/Committees/25_ptv_2834762.doc	2023-05-09	ועדת הכספים
2554128:1	https://fs.knesset.gov.il/25/Committees/25_ptv_2627688.doc	2023-05-07	ועדת הפנים והגנת הסביבה
2342781:1	https://fs.knesset.gov.il/25/Committees/25_ptv_2416341.doc	2023-04-19	ועדת הכספים
2482958:1	https://fs.knesset.gov.il/25/Committees/25_ptv_2556518.doc	2023-05-02	הוועדה לענייני ביקורת המדינה
2549890:1	https://fs.knesset.gov.il/25/Committees/25_ptv_2623450.doc	2023-05-02	ועדת הכספים
2406825:1	https://fs.knesset.gov.il/25/Committees/25_ptv_2480385.doc	2023-04-23	ועדת הפנים והגנת הסביבה
2422073:1	https://fs.knesset.gov.il/25/Committees/25_ptv_2495633.doc	2023-05-01	ועדת הבריאות
2505013:1	https://fs.knesset.gov.il/25/Committees/25_ptv_2578573.doc	2023-04-30	הוועדה למיזמים ציבוריים
2323103:1	https://fs.knesset.gov.il/25/Committees/25_ptv_2396663.doc	2023-03-26	ועדת הכלכלה
2172903:1	https://fs.knesset.gov.il/25/Committees/25_ptv_2246463.doc	2023-03-14	ועדת הבריאות
2250457:1	https://fs.knesset.gov.il/25/Committees/25_ptv_2324017.doc	2023-03-14	ועדת העבודה והרווחה
2083022:1	https://fs.knesset.gov.il/25/Committees/25_ptv_2156582.doc	2023-03-01	ועדת החוקה, חוק ומשפט
2186346:1	https://fs.knesset.gov.il/25/Committees/25_ptv_2259906.doc	2023-03-22	הוועדה המיוחדת למאבק בשימוש בסמים ובאלכו
2285914:1	https://fs.knesset.gov.il/25/Committees/25_ptv_2359474.doc	2023-03-22	ועדת העבודה והרווחה
2172744:1	https://fs.knesset.gov.il/25/Committees/25_ptv_2246304.doc	2023-03-13	ועדת הכלכלה
2079285:1	https://fs.knesset.gov.il/25/Committees/25_ptv_2152845.doc	2023-03-20	ועדת הכלכלה
2271461:1	https://fs.knesset.gov.il/25/Committees/25_ptv_2345021.doc	2023-03-20	ועדת העבודה והרווחה
1987576:1	https://fs.knesset.gov.il/25/Committees/25_ptv_2061136.doc	2023-02-27	ועדת הכלכלה
2448820:1	https://fs.knesset.gov.il/25/Committees/25_ptv_2522380.doc	2023-03-01	ועדת החוץ והביטחון
1987574:1	https://fs.knesset.gov.il/25/Committees/25_ptv_2061134.doc	2023-02-27	ועדת הכלכלה
1944841:1	https://fs.knesset.gov.il/25/Committees/25_ptv_2018401.doc	2023-02-21	ועדת הכספים
1989875:1	https://fs.knesset.gov.il/25/Committees/25_ptv_2063435.doc	2023-02-20	ועדת הכלכלה
1936998:1	https://fs.knesset.gov.il/25/Committees/25_ptv_2010558.doc	2023-02-15	הוועדה המיוחדת למאבק בשימוש בסמים ובאלכו
1754538:1	https://fs.knesset.gov.il/25/Committees/25_ptv_1828098.doc	2023-02-07	הוועדה לביטחון לאומי
1809722:1	https://fs.knesset.gov.il/25/Committees/25_ptv_1883282.doc	2023-02-12	ועדת החוקה, חוק ומשפט